id,name
892,Pac-Man
4631,Stuart Little
783,Austin Powers
3798,My Guardian Characters
2214,The Simpsons
361,Twisted Metal
4895,Wizardry: Tale of the Forsaken Land
144,Johnny Bravo
450,Medabots
751,Aeon Flux
775,Gradius
834,Devil May Cry
936,Castle
2114,Pro Evolution Soccer
3160,Bonk
793,Battletoads
3471,Tenchi Muyo
4080,Rescue 911
4087,Pretz
21,BloodRayne
552,Persona
357,Phineas & Ferb
163,Pacific Rim
4526,Killer Karaoke
2783,Girls' Last Tour
3339,Property Brothers
215,Men in Black
4790,Fido Dido
295,The Dog
4731,Invincible
4289,Space Dandy
134,Fables
4537,Bobby Labonte
209,Ice Age
4896,Hunt Games
346,Disney Princess
214,A Series of Unfortunate Events
1450,NOEL the mortal fate
378,The Dukes of Hazzard
471,Back at the Barnyard
3291,Mashin Hero Wataru
441,Watchmen
1335,Black Moon Chronicles
510,Friday the 13th
532,Agatha Christie
212,The Italian Job
277,Bob the Builder
306,Grease
244,Starsky & Hutch
385,Happy Tree Friends
1458,Ni no Kuni
462,Numenera
469,Team Umizoomi
473,Nacho Libre
4791,Monsta Infinite
522,Airwolf
554,Silent Hill
4536,Dale Jarrett
593,Date A Live
260,Zatch Bell!
674,Golden Time
245,Surf's Up
724,The Blues Brothers
392,The Thing
4897,Bendy
2806,The Last Starfighter
950,Minecraft
305,Gold's Gym
296,The Lego Movie
1350,Stranger Things
1062,Dying Light
3964,Magical Taluluto-kun
3219,All Japan Pro Wrestling
4792,Cooking Academy
513,Monster High
4538,Trails
564,Inuyasha
4733,The Complex
4898,Megaman X
652,The NeverEnding Story
830,JumpStart
864,WarGames
3426,Black Rock Shooter
755,Sailor Moon
767,Rocky Horror
1041,Million Arthur
1079,Bullyparade
1084,Bob Morane
889,Project Runaway
1098,Kuroko's Basketball
1101,Nisekoi
801,Phantasy Star
849,M*A*S*H
4547,3788
152,Jeopardy
675,The Pet Girl of Sakurasou
704,Nyaruko: Crawling with Love
959,Umihara Kawase
661,The Irregular at Magic High School
4534,Battle Bears
831,World War Z
60,Pokémon
648,Wacky Races
3534,AFL
654,Dick Tracy
1196,Dresden Files
663,Black Bullet
669,Boogiepop
697,Danger Mouse
738,monster rancher
752,3x3 Eyes
822,Independence Day
823,RWBY
1455,Genshin Impact
629,Dylan Dog
637,Fright Night
636,The King of Fighters
4794,Pucca
881,Zero Escape
2117,Alarm for Cobra 11
505,Disney's American Dragon: Jake Long
4735,Animorphs
4527,The ZhuZhus
75,Thomas & Friends
4540,rubble trouble
3846,Detective Conan
230,Rave Master
1152,City Hunter
722,All Dogs Go to Heaven
727,Crysis
4899,Too Hot to Handle
1034,Fallout
1090,Beelzebub
1100,Neuro: Supernatural Detective
1106,Tottemo! Luckyman
1082,darkstalkers
1147,Haruhi Suzumiya
1179,Ai Shimai
1373,Overlord
1568,Turma da Mônica
590,Sega Hard Girls
422,W.I.T.C.H.
1763,Hypnosis Mic
679,Atom Ant
684,Biggles
691,Discworld
701,Seraph of the End
234,Rocket Power
1050,Gintama
1186,Ore no Imouto
3429,High School DxD
3507,Monkey Island
670,Bludgeoning Angel Dokuro-chan
368,The Punisher
337,Rango
4528,Kevin Keegan
1234,Code Geass
4244,GeGeGe no Kitaro
2294,AKB48
1009,Attack of the Killer Tomatoes
4900,"Magic, the Gathering"
1153,Captain Tsubasa
1191,Falling Skies
1198,Heavy Metal
3508,Big Brother
512,Monty Python
623,Knightmare
695,To Love-Ru
709,"Wake Up, Girls!"
326,Man vs. Wild
761,Shining
350,Thor
2086,Serious Sam
3106,Wars
4550,Disney's The Little Mermaid
922,Moomin
349,Tangled
735,Crossbow
366,Dota
4737,Captain Underpants
184,Carmen Sandiego
232,Robots
170,Animaniacs
204,Flushed Away
4901,SAS: Zombie Assualt
386,Reservoir Dogs
380,Futurama
1319,Blacksad
1338,syberia
571,Assassin's Creed
690,Gobots
811,Gunslinger Stratos
844,Death Note
288,CSI
2060,Michael Jordan
1052,Hugo
109,Napoleon Dynamite
1058,Ecco the dolphin
62,Akira
129,Disney's Chicken Little
4246,Fate/Extra
1134,The Amazing World of Gumball
4738,Unbreakable Kimmy Schmidt
497,Ghost in the Shell
507,Alien vs. Predator
142,Dirty Harry
4490,Henry Danger
206,Happy Feet
550,Scott Pilgrim
559,Barker Bill's Cartoon Show
602,Yahari Ore no Seishun Rabu Kome wa Machigatteiru.
3696,Aggretsuko
391,Spy vs. Spy
261,Ace Ventura
161,Risk
4552,Dracula
235,Rocky
600,Evil Dead
609,Infinite Stratos
265,The Goonies
2412,The Idolmaster
189,Cubix
525,Xena: Warrior Princess
397,American Idol
616,Captain Planet and the Planeteers
461,Bill & Ted
518,Hook
4739,Stretch Armstrong
634,Total Recall
659,Ore no Imoto ga Konna ni Kawaii Wake ga Nai
716,The Road to El Dorado
721,Star Ocean
742,Star Wraith
1039,The Seven Deadly Sins
4740,Spirit
1121,The Little Prince
1177,Oh My Goddess!
268,Alvin and the Chipmunks
403,Danny Phantom
2391,Heavy Gear
1137,Outlanders
2582,Cardcaptor Sakura
777,Rolie Polie Olie
1235,Gurren Lagann
3511,Ai Yori Aoshi
3850,Ushio to Tora
193,Dinotopia
93,McDonald's
4799,Fazbear Fanverse Initiative
1172,Gunparade March
1800,Puyo Puyo
1080,Dead Rising
317,Jenga
3559,Mars of Destruction
332,Nancy Drew
1344,Metro
125,DuckTales
153,Shadowman
382,Mary-Kate and Ashley
1088,Cyanide & Happiness
2093,Bikkuriman
1193,Adiboo
2170,Disney Fairies
1765,To Heart
797,TrackMania
3851,Pingu
376,The Da Vinci Code
172,Aquaman
107,Camp Lazlo
410,Fear Factor
4800,Chainsaw Man
3560,Project 575
398,Around the World in 80 Days
1024,Asuka 120%
1094,Hunter x Hunter
3114,Gulliver Boy
1248,Utawarerumono
481,ThunderCats
491,The Chronicles of Riddick
529,Silver Surfer
644,Superman
672,Spice and Wolf
863,Dallas
3852,Anpanman
371,Bad Boys
2406,Symphogear
432,Deadliest Catch
400,Charlotte's Web
310,Hardy Boys
307,Green Lantern
267,Adventures of Tintin
4555,Voltorometer
1423,WCW
658,The Devil Is a Part-Timer!
885,Darksiders
300,G-Force
424,Chicken Run
4743,My Horse Club
96,Burger King
429,Brave
3904,Rozen Maiden
40,Family Guy
231,Reign of Fire
448,Rocko's Modern Life
449,CatDog
3967,Peacock King
662,Heavy Object
677,Andy Capp
447,Ninja Gaiden
460,Beetlejuice
467,Blue's Clues
435,Hellboy
95,Wallace & Gromit
246,Teen Titans
171,The Ant Bully
428,Aqua Teen Hunger Force
405,Drake & Josh
396,Action Man
420,Hey Arnold!
287,Crayon Shin-chan
827,Rick and Morty
833,Streets of Rage
4251,Ninja JaJaMaru-kun
850,Flash Gordon
901,Tarzan
434,Hannah Montana
625,Alf
4250,Little Ghost Q-Taro
932,PopoloCrois
4645,Hello Neighbor
3916,Caillou
4556,Lovely Cat
3932,Tenchi wo Kurau
292,Deal or No Deal
4744,Necromunda
2158,"Hanayaka Nari, Waga Ichizoku"
4293,Mushoku Tensei
4745,Blood Bowl
303,George of the Jungle
479,Toxic Crusaders
484,TaleSpin
314,iCarly
535,Top Gun
3546,Brothers Conflict
360,Rocky and Bullwinkle
3600,Full House
838,Dexter
836,Saint Seiya
546,Rune Factory
437,Lost
548,Little Busters
668,Strike the Blood
795,Ridge Racer
323,Legend of the Guradians
3097,Hololive Alternative
873,Valkyrie Profile
409,Foster's Home for Imaginary Friends
902,The War of the Worlds
903,Hitchhiker's Guide to the Galaxy
498,Babylon 5
909,Car Wars
4253,Tokyo Revengers
2121,Uncharted
1027,Gungrave
3249,Ultimate Muscle
956,Deemo
3547,Uta no Prince-sama
1228,Splatoon
1370,Uglydoll
555,Victorious
575,Galaga
614,Beverly Hills Cop
976,Orphan Black
516,The Three Stooges
920,Euro Truck Simulator
446,Kickass
451,Cyberpunk
1467,Yakuza
485,SWAT Kats
640,Neighbours
54,Shannara
169,American Chopper
660,Accel World
581,The Alligator People
3799,Ghost Sweeper Mikami
928,Double Dragon
4558,Overcooked
343,Space Chimps
1352,Kemono Friends
4647,Lupo Alberto
992,King's Quest
1029,Black Butler
4252,Jujutsu Kaisen
534,Spy Kids
4804,Archer
1358,Killer Instinct
2160,Muv-Luv
1110,FIFA
557,Warlords
1256,GooseBumps
613,Arachnophobia
3800,Eggerland
1273,Hitman
487,Pink Panther
651,World Trigger
667,Ro-Kyu-Bu!
354,Wacky Racers
412,Babar: King of the Elephants
4560,The 3rd Birthday
698,Death Wish
835,Gargoyles
4256,Niniz
703,YuruYuri
4559,Parasite Eve II
1291,Story of Seasons
1096,D.Gray-man
1272,Toonix
4255,Touken Ranbu
241,Shark Tale
328,Megamind
2161,Tokyo Majin Gakuen
1280,Nioh
224,NFL
1091,Chinyuuki: Tarou to Yukai na Nakama-tachi
1305,Hot Gimmick
1355,Timmy Time
468,Miss Spider's Sunny Patch Friends
27,Jason Bourne
511,The Crow
523,American Gladiators
567,Where's Waldo?
595,Home Improvement
2695,Tony Hawk's
3549,Gachapin
3643,Twin Peaks
538,Shin Megami Tensei
708,Tesagure! Bukatsu-mono
4257,Gudetama
2084,The Legendary Starfy
2124,SD Gundam
3740,Hayate the Combat Butler
2162,Tama and Friends
1093,Hell Teacher Nube
723,'Allo 'Allo!
472,El Tigre: The Adventures of Manny Rivera
4649,MapleStory
4749,The Thundermans
791,Space Invaders
3746,Dear Girl: Stories
872,Goemon
1092,Dr. Slump
1227,Record of Grancrest War
580,Despicable Me
1585,K-ON!
601,Hanayamata
603,Punch Line
3602,Goofy
1207,Strawberry 100%
1210,Cat's Eye
4258,Quiz Hexagon
664,Shakugan no Shana
665,Durarara!!
693,Count Duckula
4562,Jungle Book
699,Dempsey and Makepeace
216,Minority Report
748,PewDiePie
743,The Jetsons
757,Skipper and Skeeto
4650,Breathedge
4750,Troll Doll
771,Star Fox
779,Daredevil
852,Attack on Titan
2880,GuitarFreaks
1285,Kill la Kill
649,Who Framed Roger Rabbit
711,No-Rin
1036,Battlefield
984,The Powerpuff Girls
3603,Hollywood Squares
3604,Disney's Hunchback of Notre Dame
3605,The Incredible Crash Dummies
399,Atomic Betty
408,Droopy
311,"Harvey Birdman, Attorney at Law"
4259,Oden-kun
732,Home Alone
746,Scrabble
756,Metroid
3227,Shoot!
4563,Trip the Ark Fantastic
4260,Haneru no Tobira
187,Charlie's Angels
759,Iron Maiden
789,Kirby
4751,Wii
3226,Liberty's Kids
556,The Bard's Tale
1154,Doberman Deka
517,TekWar
582,Cabbage Patch Kids
589,starcraft
610,Puella Magi Madoka Magica
632,Small Soldiers
646,Trolls
996,Lucky Luke
995,Colin McRae
1026,Ex-Mutants
3625,Police Academy
352,Totally Spies!
379,Eragon
342,Rubik's Cube
341,Rise of the Guardians
347,Pictionary
1212,Silver Fang: The Shooting Star Gin
781,Zoey 101
747,Dr. Seuss
671,Ground Control to Psychoelectric Girl
1019,The Hunt for Red October
4564,Xeno
372,Antz
4752,from ARGONAVIS
1167,The X-Files
1099,Medaka Box
3250,Magical Taluluto
2416,Ratchet & Clank
2461,Pixeline
572,Putt-Putt
673,Kino no Tabi
718,Auf Wiedersehen Pet
762,Video Power
1771,The Busy World of Richard Scarry
821,Berserk
3801,Papuwa-kun
3826,Pocoyo
2226,Who Wants To Be A Millionaire
3255,Osu!! Karate-bu
1199,OK K.O.! Let's Be Heroes
1229,That Time I Got Reincarnated as a Slime
4565,Top Speed
1276,Gears of War
333,Neopets
4262,Peking Man
1215,Left 4 Dead
1325,Super Sentai
843,Knight Rider
875,Fate
1001,Jay and SIlent Bob
411,Ghost Rider
562,Stargate
566,Murder She Wrote
1635,Titanfall
768,Klonoa
982,Guilty Gear
2090,Corpse Party
2129,The Rocketeer
1151,Gamera
4654,Let's Sing
2164,Jungle Wars
4567,Sunrise Eiyuutan
4566,Sunrise World War
1253,BlazBlue
842,Steins;Gate
3802,Uwasa no Midori-kun
242,Future GPX Cyber Formula
1257,Ant-Man
1277,Wolfenstein
474,Generator Rex
476,Yogi Bear
482,Area 88
496,Die Hard
520,Blade
528,Justice League
744,The Karate Kid
787,Desperate Housewives
816,Golgo 13
926,Pinky Street
858,Beowulf
1268,Monster Strike
1292,Harvest Moon
3583,Disney's Aladdin
418,Mighty Beanz
1209,Space Adventure Cobra
1056,DC
322,Littlest Pet Shop
2132,Columns
363,Afro Samurai
1159,Cowboy Bebop
1237,Cross Ange
904,The Wizard of Oz
923,Wild Arms
935,The Heroic Legend of Arslan
3803,Vampire Knight
3584,Anastasia
3854,Yahtzee
433,Willow
577,Magic: The Gathering
452,The Witcher
587,SaGa
594,Valkyrie Drive
2133,Nendoroid
1171,Angelique
381,Dark Angel
407,Dragon Tales
427,Regular Show
647,The Twilight Zone
784,World of Darkness
682,Battle of the Planets
685,Blade Runner
683,Big Trouble in Little China
687,BraveStarr
692,Crows
812,Frogger
824,Monster Hunter
846,Steven Universe
804,Fullmetal Alchemist
650,The Asterisk War
712,Engaged to the Unidentified
707,Arpeggio of Blue Steel
1232,Club Penguin
907,Dynasty Warriors
2903,Bananas In Pyjamas
2639,Deathsmiles
706,Kin-iro Mosaic
715,The Famous Five
1290,The Darkness
728,Area 51
780,Touhou Project
604,Saekano: How to Raise a Boring Girlfriend
4814,Reebok
1060,Nights into Dreams
794,Krull
786,The Blair Witch Project
4757,Ferrari
1250,Macross
626,Are You Afraid of the Dark?
1642,Naruto Shippuden
2169,Dogz
898,Lupin the Third
828,Mage Knight
826,Playmobil
1035,Michael Jackson
1300,Venus Project
1022,Love Live!
1063,Dishonored
1118,Psycho-Pass
1354,Higurashi When They Cry
1095,KochiKame: Tokyo Beat Cops
4571,Bloons
4815,Delta Force
1018,Azure Striker Gunvolt
1097,Haikyuu!!
4758,Planet 51
1016,Short Circuit
1252,Hacker.exe
1226,Kabaneri of the Iron Fortress
2239,Sly Cooper
1267,Anima: Beyond Fantasy
3454,Bincho-tan
1796,Peaky Blinders
4263,Bubble Guppies
921,Arc the Lad
1017,Sim
1047,Dragon Age
1051,Starship Troopers
1133,Uncle Grandpa
1148,Zoids
2136,Centipede
4264,Jake and the Never Land Pirates
1150,Patlabor
1175,Dragon Knight
1173,Sengoku Basara
1185,Onmyou Taisenki
4572,Xuxa
1205,Rurouni Kenshin
1206,Hoshin Engi
1213,Sexy Commando Gaiden: Sugoi yo!! Masaru-san
4574,Acquaria
4816,Love Island
1386,Dead Space
1428,Revue Starlight
1438,DreadOut
1445,John Wick
1446,Bakutsuri Bar Hunter
1246,Hotel for Dogs
3456,Nickelodeon
1452,Nasuverse
1454,Jumanji
1297,Hotel Transylvania
1301,Magica Wars
1303,PAW Patrol
1317,Pretty Cure
1337,Space Channel 5
1439,Snack World
1347,Queen's Blade
1362,Battle Angel Alita
4573,Dolly
4575,Sandy &amp;amp; Junior
1359,Beast Quest
4576,Geraldinho
1567,Yoshi
1570,Aokana
1421,Divinity
1432,Planes
1433,Frozen
1434,Pixar
1437,Grisaia
1435,Doraemon
1460,The Dark Crystal
1464,One Punch Man
1475,Earth Defense Force
1483,Magicka
1518,Pikmin
1526,Rednex
1527,Four Seasons
1525,Banjo & Kazooie
1528,Galaxy Express 999
1529,Show do Milhão
1652,Life is Strange
4577,Sapo Xulé
1533,The Land Before Time
1801,Monster Musume
1784,Europa Universalis
3970,Qual é a Música
1236,Mazinger Z
1534,100 Bullets
1582,Spa Mania
1650,Nekopara
1686,Bioshock
1688,Homestar Runner
1693,Guild Wars
4578,Open Season
745,Nightbreed
1773,Disney's Atlantis
4662,Hermes e Renato
1774,Bob's Burger
1748,Kirikou
1697,Tremors
1711,Gigantosaurus
1718,Rosario + Vampire
1722,Grimms Notes
1749,Flunkerne
1755,Bloodstained
1762,Seven Wonders of the World
1764,F-Zero
1766,Raving Rabbids
1775,King of the Hill
1777,Golden Axe
1780,Shenmue
1778,Shinobi
1849,Bloons TD
1831,Noddy
4579,"Crouching Tiger, Hidden Dragon"
1799,MAR
1792,DJMax
4820,Guardians of the Galaxy
1811,Contra
1821,Punch-Out!!
1820,Animal Crossing
1822,Max Payne
1787,Super Smash Bros.
1844,Chrono
1865,Fatal Fury
1782,ChuChu Rocket!
1873,Art of Fighting
4821,Wimbledon
4764,Cutthroat Island
1871,Rival Schools
1885,Legacy of Kain
1932,Xenoblade
1933,Arthur
3619,MC Hammer
2005,SoulCalibur
3239,B-Daman
2000,Horizon
1,Star Wars
1970,Spriggan
1964,Top Gear
1974,SimCity
2011,Sakura Wars
2013,Shining Force
2009,Strider
2006,Xenosaga
1993,Army Men
1995,F-1
1999,Alex Kidd
3242,The Legend of Galactic Heroes
1145,Ranma 1/2
421,Uno
82,Van Helsing
2053,Azumanga Daioh
3620,The Mighty Ducks
3709,Kimi ni Todoke
4581,Pollyana
301,G.I. Joe
4823,Os Trapalhões
80,Jaws
2046,Kono Subarashii Sekai ni Shukufuku wo!
2045,PlayerUnknown's Battlegrounds
2056,International Superstar Soccer
1068,Super Monkey Ball
1070,Virtua Fighter
1076,Flåklypa Grand Prix
1075,Black Mirror
1077,Planet of the Apes
1120,Peanuts
123,Earthbound
1242,Kaiji
3621,Mr. Potato Head
175,Beyblade
1793,Excite
293,High School Musical
886,Xanadu
3622,Name That Tune
168,The Incredibles
139,Mission: Impossible
202,Dora the Explorer
2098,God of War
22,Worms
1136,Cobra
1157,Robotics;Notes
1163,Ace Attorney
1165,Professor Layton
1178,Soukou Kihei Votoms
1183,Angel's Feather
3974,Thunder in Paradise
183,Butt-Ugly Martians
1262,Magic Knight Rayearth
1124,Dark Souls
4583,Foodfight!
799,Bomberman
3919,Kato-chan Ken-chan Gokigen TV
1158,Police Quest
1168,My Hero Academia
1166,Spyro the Dragon
1176,The Legend of Sword and Fairy
1189,Granblue Fantasy
1188,Otome wa Boku ni Koishiteru
2154,Gran Turismo
1476,Metal Slug
477,Woody Woodpecker
618,Darkman
1170,Black Clover
290,Dancing With the Stars
802,Brave Story
4670,Nausicaä of the Valley of the Wind
1286,Shiren the Wanderer
910,Ogre
1910,Om Nom
1913,Shadowverse
1108,Sakigake!! Otokojuku
3107,YuYu Hakusho
1192,Young Justice
1329,Redwall
1424,Wheel of Fortune
1572,League of Legends
334,Night at the Museum
186,Casper The Friendly Ghost
178,Bobobo-bo-Bo-bobo
988,God Eater
504,Disney's Darkwing Duck
4671,Dobuki Games
309,Guinness World Records
38,Mega Man
1480,American Dad!
502,Felix the Cat
503,The Flintstones
925,Dead or Alive
1934,Catwoman
961,Yo-kai Watch
2102,Dizzy
798,Doom
3815,Science Adventure
3626,Polly Pocket
3627,The Price is Right
3662,The Rose of Versailles
304,The Golden Compass
339,Scene It?
331,The Naked Brothers Band
430,Clash of the Titans
338,Twilight
1477,Disney's The Lion King
3859,NSync
3786,Disney's Hercules
3858,Tokyo SHADOW
3976,Firearm
4771,The Loud House
4772,T.U.F.F. Puppy
1376,The Castles of Burgundy
1382,Boruto: Next Naruto Generations
1942,Legend
1469,Mob Psycho 100
1478,Inazuma Eleven
489,Kim Possible
543,Sword Art Online
551,Metal Gear Solid
561,Senran Kagura
568,Silly Bandz
1814,Panel de Pon
1830,Wreck-It Ralph
3356,Law of Ueki
345,The Spiderwick Chronicles
612,A Certain Scientific Railgun
530,Martin Mystery
1524,Fairy Tail
868,King’s Knight
4587,Sokobear
4830,Rebel Moon
524,Doritos
606,Rail Wars!
619,Days of Thunder
605,Yuki Yuna is a Hero
4770,Game Shakers
2866,Space Jam
871,Ape Escape
4773,The Penguins of Madagascar
4774,Sam and Cat
4775,Planet Sheen
2104,Mega Man X
1466,Far Cry
470,Ren & Stimpy
1470,Turok
490,Jackie Chan Adventures
1625,Little Nemo
2818,The Fast and the Furious
942,Tales of
1107,Toriko
3977,Blue Exorcist
3630,Disney's Snow White and the Seven Dwarves
2289,Cyberchase
545,Vocaloid
1638,The Familiar of Zero
16,NBA
1569,Nichijou
607,.Hack
615,The Chronicles of Prydain
617,Dan Dare
620,Elvira
627,Xanth
631,Ripley's Believe It or Not!
1633,Skylanders
1632,Batman: The Animated Series
635,Defenders of the Earth
656,Spitting Image
2846,Quiz Magic Academy
2859,Chunithm
3633,Swamp Thing
2440,Densha de go
495,Prince of Persia
1712,Far Til Fire
1104,Sket Dance
1636,Onegai Teacher
638,Gremlins
1639,Zoboomafoo
3711,Mr. Bean
2148,E.T. the Extra-Terrestrial
2147,The A-Team
643,The Running Man
102,Cartoon Network
1752,Wario
1032,MazinSaga
1102,Pyu to Fuku! Jaguar
1967,Viva Piñata
4387,Carnivalé
4676,FAR Universe
1532,Disney's Lilo & Stitch
713,Is the Order a Rabbit?
2109,Resistance
4047,Galaxian
622,HeroQuest
13,BattleTech
1089,Assassination Classroom
2150,KonoSuba
2149,The Magic School Bus
642,Red Heat
641,Plan 9 From Outer Space
657,Tokyo Ghoul
1716,Brødrene Mortensens Jul
3635,Titan A.E.
457,Sonic The Hedgehog
1641,Tootuff
4834,Pong
1644,Watch_Dogs
1707,Thomas the Tank Engine & Friends
3637,The Wolf Man
2111,Killzone
1244,Sanrio
2250,Tsukihime
3638,VR Troopers
4048,Dynaman
2063,The Shadow
1064,X-COM
2151,Ico
1717,Fortnite
1724,Portal
1757,Demon Slayer: Kimetsu no Yaiba
3654,Postman Pat
24,Mario Bros.
2171,Tinkerbell
3641,The Rescuers
2240,Infamous
2173,Noel
4835,It's Always Sunny in Philadelphia
3640,Wayne’s World
3712,Boys Over Flowers
2182,R-Type
2245,10mg
2251,Danganronpa
2253,Penny Arcade
2255,Fireman Sam
2258,Rampage
4836,Bram Stoker's Dracula
2260,Virtual On
2266,TwinBee
4838,Demolition Man
3025,Legends of Chima
2280,Star Trek: Deep Space Nine
2281,Sam & Max
2283,Oneechanbara
2299,Melbits
2311,Pumuckl
2310,Go Go Ackman
2345,Love and Berry
2307,Field of Glory
2334,Tomorrow's Joe
4594,A Turma do Arrepio
4837,Barney
2316,Dying For Treasure
2330,Aim for the Ace!
2332,Armored Police Metal Jack
2337,BanG Dream!
2338,ARGONAVIS from BanG Dream!
2341,Suicide Squad
2347,Devilman
2378,Honkai
2385,Crazy Penguin Catapult
2361,Wonder Boy
2392,Courage the Cowardly Dog
3644,Unikitty
2414,Power Instinct
2417,Diablo
2422,Picross
4840,The Phantom
2436,WWF
151,Spider-Man
2449,Girl Genius
2456,PowerBots
854,Dragon Slayer
2479,Kero Kero Keroppi
2477,Humpty's Family Restaurant
2491,El Chavo
4596,Narcos
4683,Umamusume
4785,Project A-ko
2505,Claymore
2507,Tokimeki Memorial
2515,Gatchaman
2546,Torrente
2549,Deus Ex
2524,Dodonpachi
2557,Code: Seed
2583,Magical Circle Guru-guru
2566,Blood+
2567,Spelunker
2577,Starry Sky
3282,Yokoyama Mitsuteru Sangokushi
2585,Slayers
2588,Melty Blood
2595,Arena Football League
2602,Hakuoki
2600,Piposh
2664,Fate/Stay Night
4685,Moana
2624,Ensemble Stars
1998,Re:Zero − Starting Life in Another World
2649,Jing: King of Bandits
2656,Arcana Heart
2658,Deep-Blue
2659,Girls und Panzer
4599,Tensai Bakabon
4686,Formula One
2675,The Last of Us
2676,Made in Abyss
2685,Mario Kart
2687,Perfect Dark
3134,Dance Dance Revolution
2693,Shadowgate
2692,Shadow Man
2702,Primal Rage
2696,Vigilante 8
2703,World Heroes
2709,Zombies Ate My Neighbors
2756,My Teacher is an Alien
4600,Planet X
4845,Baby's Day Out
2737,Walking With Dinosaurs
2740,Saint Tail
2745,Hanamaru
2741,Avernum
2744,Bibi Blocksberg
2797,Usagi Yojimbo
2801,Castelo Rá-Tim-Bum
2802,Sítio do Pica-Pau Amarelo
2763,Duke Nukem
2758,The Wild Thornberrys
2760,Lemmings
2765,Comic 5trike
2773,Mean Girls
2774,Gakkou de Atta Kowai Hanashi
4601,Madou Monogatari
2767,ECW
2775,Musou
2807,TV Colosso
2858,Gon
2811,TKKG
2817,El Chapulín Colorado
2827,Cats & Dogs
2838,Super Chinese
2839,A Nightmare on Elm Street
2840,The Texas Chainsaw Massacre
2844,Drugs & Wires
2883,Usagi: Yasei no Touhai
2850,Yukikaze
2854,Five Nights at Freddy's
2856,Magical Hat
2842,Bugs Bunny
2841,Halloween
2853,Ragnarok Online
2879,Domino's Pizza
3752,Gakuen Alice
1287,Mystery Dungeon
2862,No Limite
2864,Bamse
2876,Confrontation
2875,Fort Boyard
2882,Rummel och Rabalder
2896,Reksio
4690,Kindaichi Case Files
2909,Swords of Legends
2944,Chip 'n Dale: Rescue Rangers
4848,Aaahh!!! Real Monsters
2913,Family Feud
3753,Kenka Banchou Otome
3769,Kantai Collection
2931,PJ Masks
2936,Is It Wrong to Try to Pick Up Girls in a Dungeon?
2942,Bobby's World
4691,arma
2988,Titeuf
3289,Far East of Eden
2973,The Tick
3006,Mermaid Melody Pichi Pichi Pitch
3017,Programa do Ratinho
2991,Monogatari
2981,Cheetos
2982,7 Up
2993,Adventure Island
3032,J1 League
3029,Lego City
3028,LEGO Batman
4692,Little Critter
3016,Casa dos Artistas
3030,LEGO Ninjago
4850,Radio Flyer
3770,Princess Connect!
501,Donald Duck
3031,Beethoven
3033,Clue
3034,Cool World
3035,Bruce Lee
3043,Kishin Douji Zenki
3044,Last Action Hero
3045,The Mask
3068,Pui Pui Molcar
3071,O Beijo do Vampiro
3076,ShadowHawk
3077,Lobo
3138,Yarudora
3093,School Days
3081,Bayonetta
4693,The Berenstain Bears
3086,Farscape
3755,Kyatto Ninden Teyandee
729,Need for Speed
3122,Laid-Back Camp!
3126,Baldr
3088,Show by Rock!!
3090,Pretty Rhythm
3094,Una Película de Huevos
4854,Micro Machines
3109,Bastard!!
1293,Front Mission
3172,LazyTown
506,Fighting Fantasy
3159,Smilingüido
3157,Speedy Gonzales
3158,Atmosfear
3163,Dennis the Menace
3179,Soletrando
3228,Sabrina: The Teenage Witch
3234,The Twisted Tales of Spike McFang
4695,Formula 1
4855,Lamborghini
3156,Congo
3213,Madden
3248,Parodius
3245,Jungle no Ouja Tar-chan
3244,JWP Pro Wrestling
3222,RTL Television
3203,Tiger Woods
3224,Armorines
3232,Koryuu no Mimi
3231,Yadamon
3240,Slam Dunk
4609,Disney Tsum Tsum
3295,U-jin
2138,Taiko no Tatsujin
3266,Gdleen
3296,Keiji
3252,Cyborg 009
3300,Zeiram
3257,Mike Tyson
3278,Akazukin Cha-cha
3276,Nobunaga's Ambition
3279,Anohana: The Flower We Saw That Day
3277,Pokonyan
3286,Violinist of Hameln
3285,Dragon Quest
3290,DOB
3292,Lode Runner
3297,Lord of Lords: Ryuu Knight
3298,Ginga Sengoku Gunyuuden Rai
3294,Rascal the Raccoon
3299,Bow Wow
3303,Konpeki no Kantai
3305,Naki no Ryuu: Mahjong Hishou-den
3315,Madara
3302,Goldfish Warning!
3308,Time Bokan
3307,Naruhodo! The World
3331,Super Sonico
866,Neon Genesis Evangelion
417,The Flash
3981,Galidor
127,Shadowrun
4697,Princess Princess
3309,Rokudenashi Blues
4857,Sengoku Night Blood
2891,Team Fortress
3312,The Game of Life
3314,Sword World
3317,Momotaro Densetsu
3787,Disney's The Jungle Book
3829,Yatterman
4858,Kiss
85,Tom and Jerry
4111,MLS
353,WALL-E
45,Deadpool
116,A Bug's Life
4301,The Fly
208,The Hobbit
1142,Yawara!
3938,Fanboy & Chum Chum
1238,Buddy Complex
3142,Majikoi
94,"Ed, Edd n Eddy"
2584,Magical Girl Lyrical Nanoha
1304,Hyperdimension Neptunia
3238,Appleseed
2308,Xuan-Yuan Sword
4072,Teddy Floppy Ear
340,Scarface
891,Tekken
1651,Bemani
1067,Crazy Taxi
3390,Kunio-kun
3561,Crazy Frog
3457,Vampire the Masquerade
4302,Pense Bem
1351,Crash Bandicoot
456,The Elder Scrolls
592,Megami Tensei
2587,The Settlers of Catan
2616,Codemasters
624,Himouto! Umaru-chan
3412,Gormiti
3667,Gummy Bear
4616,Nissin
2012,Valkyria Chronicles
3010,Miss Kobayashi's Dragon Maid
3304,Marmalade Boy
3804,Total Drama
458,Might and Magic
2665,Carnivores
678,The Archers
1695,Kashimashi: Girl Meets Girl
696,Kamen Rider
705,Vividred Operation
726,Call of Duty
736,Valkyria
2748,Barbapapa
750,Mortal Kombat
2757,Ticket to Ride
1579,Chibi Maruko-chan
1010,Miami Vice
266,Popeye
4860,Edd the Duck
1007,Sentinels of the Multiverse
1015,Masters of the Universe
1014,Highlander
3023,Big Brother Brasil
1040,MASK
3512,Missing Parts: The Tantei Stories
1043,Forza
4051,Patalliro!
3562,Chobits
4073,Prima Doll
4092,Sabritas
3686,Waterworld
4154,Alias
3789,Disney's Peter Pan
3790,Disney's Mulan
3791,Disney's Cinderella
3792,Disney's The Hunchback of Notre Dame
2054,Disgaea
1049,Angry Birds
4702,Sand Land
464,Predator
486,Jurassic Park
2544,Rocket League
596,The Legend of Zelda
630,Earthworm Jim
769,Fire Emblem
792,Street Fighter
1044,Little Witch Academia
1318,My-Hime Project
3325,Super Zugan
1160,Wedding Peach
2367,The Prince of Tennis
459,Beavis and Butt-head
2483,Drakengard
2597,Oreo
666,Toradora!
763,Donkey Kong
2772,Blaze and the Monster Machines
2792,Suikoden
800,LittleBigPlanet
1870,Final Fight
3668,Kyou kara Maou!
3699,Kamisama Kiss
1048,Mass Effect
611,A Certain Magical Index
4620,Jorel's Brother
493,Grand Theft Auto
1069,The House of the Dead
463,Metal Gear
478,Wild Thornberrys
500,My Little Pony
509,Warhammer
1144,Metal Max
2521,Koihime
527,Rogue Trooper
544,Hatsune Miku
633,Ghosts 'n Goblins
1708,Serial Experiments Lain
720,Kingdom Hearts
778,American Girl
1781,Altered Beast
3517,My Melody
1123,Fist of the North Star
3161,Disney's Bonkers
3129,Disney's Beauty and the Beast
4865,Pettson och Findus
4705,My Next Life as a Villainess: All Routes Lead to Doom!
2141,Winning Eleven
2135,Zone of the Enders
1149,Ultraman
3150,Ring ni Kakero
2174,Sentimental Graffiti
1180,Akiba's Trip
2180,PixelJunk
3983,Prime
3205,Hercules: The Legendary Journeys
3210,Power Pros
2333,Lunar
4052,Juuoumaru
3793,Up
4114,Nana
874,Ganbare Goemon
808,Borderlands
820,Gundam
845,Mario
4627,Pole Chudes
1847,Star Trek: The Next Generation
438,The Dark Eye
3806,UEFA
3817,Mystery Gensokyo
32,Tex Murphy
4093,LOL: Hasse toh Phasse
4144,Huanxiang Sanguozhi
3944,Elemental Gelade
74,Mad Max
3744,Full House Kiss
3764,Zozole
61,Spartacus
855,The Legend of Heroes
4867,Artemis Fowl
3985,Full Metal Planete
979,The Sims
3924,Nadia: The Secret of Blue Water
3516,Onegai My Melody
3777,Magical Taruruto
176,Lego Bionicle
3400,Flying Dragon
3438,Emily the Strange
3745,Sensual Phrase
3830,Tatsunoko
3873,Duck Dynasty
895,Castlevania
857,Tom Clancy’s
146,The Muppets
3831,Casshan
302,Garfield
3833,Golden Warrior Gold Lightan
3439,Just Dance
3835,Gyakuten! Ippatsuman
238,X-Men
3832,Onimusha
3567,Ouran High School Host Club
3655,Elsword
4166,Raul Gil
4396,The Croods
900,Atelier
994,Rayman
2516,Tekkaman
3834,The Genie Family
3836,Karas
3837,Hurricane Polymar
3926,Sofia the First
72,The Godfather
200,Driven
4055,The Pirates of Dark Water
364,Game of Thrones
155,Tamagotchi
3656,That's So Raven
3672,Rasetsu
4869,Ottifants
4630,Warhammer Age of Sigmar
3779,You Don't Know Jack
3795,Threads of Destiny
1985,Road Blaster
1858,Samurai Shodown
3569,Leisure Suit Larry
3585,Battlebots
218,Monster House
105,Hi Hi Puffy AmiYumi
3679,Ozmafia
3703,Kings of My Love
4074,Alice in the Country of Hearts
3690,Dead by Daylight
124,Marvel
4870,ABC
3722,Kirarin Revolution
4056,Family Stadium
3796,Suki Desu Suzuki-kun
4265,Disney's The Princess and the Frog
4116,The Fall Guy
4266,Doc McStuffins
960,Destiny
3026,Fantastic Beasts and Where To Find Them
389,The Warriors
1105,The Disastrous Life of Saiki K.
4057,NPB
2052,Jak and Daxter
977,Total War
1976,Nintama Rantarou
2397,Ghost of Tsushima
4095,Are You Smarter Than a 5th Grader?
299,Inspector Gadget
227,Over The Hedge
92,Looney Tunes
3587,Candy Land
3720,Mushishi
3781,Boys Be
3420,Hetalia
3988,"$1,000,000 Kid"
1249,Record of Lodoss War
1003,Bubble Bobble
3889,Gunhed
4036,An American Tail
419,JoJo's Bizarre Adventure
71,Buck Rogers
4267,Cy Girls
4333,swapnote
28,South Park
201,Dragon Ball Z
3366,The Office
3659,Jolly Green Giant
167,Finding Nemo
113,Dexter's Laboratory
3681,Beck
217,Monopoly
133,Harry Potter
2254,Disney's Tarzan
3989,Zipang
4037,Furby
3529,Clueless
3540,Doukyuusei
3589,Dan Marino
394,Trivial Pursuit
67,Ys
4268,Licca-chan
3706,12-Sai
165,Rambo
3725,Mitsu x Mitsu Drops
2322,Super Robot Wars
3468,Akazukin ChaCha
3554,Fushigi Yuugi
3342,Navy Seals
3683,Dororo
3707,Chuck E. Cheese
3726,Saiyuki
3405,Kokoro Connect
3423,Urusei Yatsura
4038,Super Password
3737,Di Gi Charat
4076,Bucky O'Hare
149,M&M's
4428,Felix
263,Caesars Palace
4460,Disney's Dinosaur
4482,Disney's Pinocchio
4483,The Hunchback of Notre-Dame
278,Bolt
272,James Cameron's Avatar
3594,Disney's Doug
3469,Galaxy Fräulein Yuna
3811,Kyoro-chan
3992,Moeru! Onii-san
44,DC Comics
3525,Saki
228,King Kong
393,The Nightmare Before Christmas
4015,Kazaam
3348,Cycling Manager
4077,The Lone Ranger
3541,Oreimo
3595,Dr. Fad
3596,Ed Grimley
3599,Franklin the Turtle
3660,Nil Admirari no Tenbin
4272,Olivia
3470,Welcome to Pia Carrot!!
3993,Super Rescue Solbrain
3995,The Wonderful World of Puss 'n Boots
3994,Mr. Vampire
4162,Ocha-ken
4271,"Ni Hao, Kai-Lan"
88,Hot Wheels
3592,Dinosaurs
112,The Grim Adventures of Billy & Mandy
4016,Mighty Max
325,MLB
7,Transformers
3727,Senninha
4099,Disney's Sleeping Beauty
3739,Dr. Rin ni Kiitemite
3349,Solo Leveling
3843,Lucky Star
3928,We Bare Bears
3785,Kiteretsu Daihyakka
4017,Masked Rider
4041,The Pagemaster
4489,Chupa Chups
166,Jimmy Neutron
330,Monsters vs. Aliens
4119,Monochrome Factor
173,Avatar: The Last Airbender
18,Star Trek
4042,Babe
3823,Baby Shark
4273,Phineas and Ferb
58,Asterix
4416,Kkoma Daejang Mangchi
4274,Wallykazam!
4101,Care Bears
4120,Soul Eater
4717,Britney Spears
440,Wanted
4275,The Good Dinosaur
3930,Les Visiteurs
3950,Mahoromatic
3958,Banner of the Stars
3959,Crest of the Stars
869,Bloody Roar
4494,WTA
3900,The Polar Express
3951,Silent Mobius
3962,Gakuen Heaven
4078,Bull's Eye
4102,The Cheetah Girls
4107,Eyeshield 21
4137,Camp Rock
390,Hard Boiled
143,Powerpuff Girls
4139,K Project
100,Spongebob Squarepants
4718,Jeremy McGrath
3998,Tokyo Xtreme Racer
221,Naruto
4063,Dead Island
19,The Matrix
4276,Turbo
413,Hamtaro
57,Yu-Gi-Oh!
4461,Gravity Falls
4277,The Backyardigans
4719,Clifford the Big Red Dog
3999,Johnny Test
4140,Spy x Family
162,Disney's 101 Dalmatians
15,NASCAR
79,tetris
4105,Lethal Weapon
220,NHL
4123,Skip Beat!
4495,NBC
280,Captain America
436,How to Train Your Dragon
358,The Addams Family
225,One Piece
4720,Rivals of Aether
4164,Prince of Stride
191,Digimon
4278,Black Panther
4157,"Ooh, Aah & You"
104,Rugrats
4000,Wangan Midnight
4880,Osomatsu-san
6,"Warhammer 40,000"
4066,The Benza
4079,ReBoot
4086,Red Bull
4106,Benjamin Blümchen
4109,Kommissar Kugelblitz
137,Halo
4507,Mr. Men &amp;amp; Little Miss
37,James Bond
4881,Ninku
4497,Troy Aikman
4279,The Wiggles
387,RoboCop
362,11eyes
4721,Space Battleship Yamato
43,Dungeons & Dragons
4444,Megaton Musashi
4463,Disney's Alice in Wonderland
73,Wizardry
4882,Annoying Orange
4,Final Fantasy
4509,PaRappa the Rapper
4280,Wow! Wow! Wubzy
164,Madagascar
4420,KuruKuru Princess
4281,VeggieTales
370,Xiaolin Showdown
103,Adventure Time
39,The Walking Dead
248,Terminator
136,Frank Herbert's Dune
284,Cloudy With a Chance of Meatballs
4883,Olympic Games
111,Codename: Kids Next Door
355,Where the Wild Things Are
442,Initial D
4884,ESPN
320,Iron Man
4184,Norn9
240,Shaman King
4378,Fatal Frame
4406,Gambler Jiko Chuushinha
4421,PGA Tour Golf
4435,Tochi
4464,Herbie
205,Godzilla
56,Dragon Ball
4885,maimai
4886,performai
4186,Ar tonelico
279,Tomb Raider
4379,WBSC
4470,Enchanted
4472,The Haunted Mansion
10,Sid Meier
4192,Battle Vixens
49,The Avengers
194,Meet the Robinsons
23,Alien
185,Cars
8,Ghostbusters
4887,We Were Here
4498,Hole in the Wall
4310,Shin Nippon Pro Wrestling
108,Samurai Jack
4422,Studio Up Down
68,Ultima
4208,Oha Suta
101,Ben 10
117,Scooby-Doo
157,Toy Story
4888,Another Code
297,Sherlock Holmes
276,Bee Movie
4203,Grander Musashi
4206,Chou Majin Eiyuu-den Wataru
4207,Midori no Makibaoo
4454,Battle Tactics
4465,Disney Playhouse
4471,Brother Bear
4473,The Wild
4474,Treasure Planet
4475,Disney's Little Einsteins
4477,The Sorcerer's Apprentice
4476,Home on the Range
47,XIII
4499,Gorillaz
77,Teenage Mutant Ninja Turtles
126,Romance Of The Three Kingdoms
180,Bratz
4889,Baldur's Gate
4410,"Little Indian, Big City"
4423,My Next Life as a Villainess
140,Back to the Future
219,"Monsters, Inc."
4466,Violetta
4469,Ghosts of Mistwood
4478,Disney's A Christmas Carol
4479,A Christmas Carol
4485,Child's Play
182,Buffy the Vampire Slayer
4500,Dom Zelittu's
147,Power Rangers
160,Hello Kitty
4286,Bluey
150,Barbie
4727,The Boss Baby
35,Mickey Mouse
4890,quake
4369,Nev the Bear
2,Indiana Jones
4411,Sylvanian Families
425,Half-Life
4439,Marsupilami
4447,Aotu World
4467,Big Hero 6
4468,Maleficent
4480,Basil the Great Mouse Detective
4486,Hill Climb Racing
4728,The Last Kids on Earth
439,Saw
373,Battlestar Galactica
249,UFC
106,Jackass
177,Bleach
233,Robotech
251,Tiny Toon Adventures
190,Curious George
271,Astro Boy
285,Code Lyoko
252,Judge Dredd
203,Fantastic Four
76,The Smurfs
48,Fast & Furious
243,Spawn
4891,Ghostrunner
324,Kung Fu Panda
308,Grey's Anatomy
3,Conan
188,The Chronicles of Narnia
273,Bakugan Battle Brawlers
222,NCAA
289,Winx Club
199,Duel Masters
195,The Fairly OddParents
236,The Scorpion King
110,The Secret Saturdays
286,Coraline
213,Largo Winch
329,The Mummy
156,Disney's Winnie the Pooh
336,Pirates of the Caribbean
145,Sesame Street
4729,TNA
316,Iron Chef
84,Shrek
335,Pimp My Ride
34,Robin Hood
46,Stargate SG-1
4216,Ninja Nonsense
4217,Osomatsu-kun
294,Doctor Who
344,Speed Racer
12,Command & Conquer
4892,Cho Aniki
4227,Gaist Crusher
4448,Genius Quiz
29,Resident Evil
51,LEGO
351,Tron
229,Ratatouille
4413,Quest for Camelot
4426,Cinnamoroll
4458,We're Back! A Dinosaur's Story
4893,Baten Kaitos
11,The Lord of the Rings
135,Warcraft
388,Robot Wars
5,Batman
255,WWE
4372,Sugar Sugar Rune
4427,Mamegoma
4459,Agro
4481,One Thousand and One Nights
174,Barnyard
210,Hulk
26,Disney
4894,50 Cent
